"device_id","sequence","distance_cm","escuro","lamp_state","light_raw","mode","presence_proxima","timestamp"
"psi5120-final-matheus-cavini-lamp01","0","192.4058533","false","off","2627","auto","false","2026-09-26T18:20:23Z"
"psi5120-final-matheus-cavini-lamp01","1","192.4744415","false","off","2629","auto","false","2026-09-26T18:20:26Z"
"psi5120-final-matheus-cavini-lamp01","2","192.4401398","false","off","2630","auto","false","2026-09-26T18:20:29Z"
"psi5120-final-matheus-cavini-lamp01","3","192.9203491","false","off","2629","auto","false","2026-09-26T18:20:32Z"
"psi5120-final-matheus-cavini-lamp01","4","192.543045","false","off","2629","auto","false","2026-09-26T18:20:35Z"
"psi5120-final-matheus-cavini-lamp01","5","5.11070013","false","on","2802","auto","true","2026-09-26T18:20:38Z"
"psi5120-final-matheus-cavini-lamp01","6","3.635799885","false","on","2534","auto","true","2026-09-26T18:20:41Z"
"psi5120-final-matheus-cavini-lamp01","7","194.7210999","false","off","2608","auto","false","2026-09-26T18:20:44Z"
"psi5120-final-matheus-cavini-lamp01","8","192.302948","false","off","2603","auto","false","2026-09-26T18:20:47Z"
"psi5120-final-matheus-cavini-lamp01","9","192.6287994","false","off","2603","auto","false","2026-09-26T18:20:50Z"
"psi5120-final-matheus-cavini-lamp01","10","192.5258942","true","on","1073","auto","false","2026-09-26T18:20:53Z"
"psi5120-final-matheus-cavini-lamp01","11","192.543045","true","on","1002","auto","false","2026-09-26T18:20:56Z"
"psi5120-final-matheus-cavini-lamp01","12","192.1485901","false","off","2559","auto","false","2026-09-26T18:20:59Z"
"psi5120-final-matheus-cavini-lamp01","13","192.1828918","false","off","2582","auto","false","2026-09-26T18:21:02Z"
"psi5120-final-matheus-cavini-lamp01","14","192.2686462","false","off","2559","auto","false","2026-09-26T18:21:05Z"
"psi5120-final-matheus-cavini-lamp01","15","192.1828918","false","off","2559","auto","false","2026-09-26T18:21:08Z"
"psi5120-final-matheus-cavini-lamp01","16","192.0971527","false","off","2581","auto","false","2026-09-26T18:21:11Z"
"psi5120-final-matheus-cavini-lamp01","17","192.0800018","false","off","2559","auto","false","2026-09-26T18:21:14Z"
"psi5120-final-matheus-cavini-lamp01","18","192.4572906","false","off","2559","auto","false","2026-09-26T18:21:17Z"
"psi5120-final-matheus-cavini-lamp01","19","192.4744415","false","off","2535","auto","false","2026-09-26T18:21:20Z"
"psi5120-final-matheus-cavini-lamp01","20","192.543045","false","off","2534","auto","false","2026-09-26T18:21:23Z"
"psi5120-final-matheus-cavini-lamp01","21","192.4572906","false","off","2535","auto","false","2026-09-26T18:21:26Z"
"psi5120-final-matheus-cavini-lamp01","22","192.0285492","false","off","2540","auto","false","2026-09-26T18:21:29Z"
"psi5120-final-matheus-cavini-lamp01","23","192.4915924","false","off","2541","auto","false","2026-09-26T18:21:32Z"
"psi5120-final-matheus-cavini-lamp01","24","191.9770966","false","off","2523","auto","false","2026-09-26T18:21:35Z"
"psi5120-final-matheus-cavini-lamp01","25","192.3715515","false","on","2621","manual","false","2026-09-26T18:21:38Z"
"psi5120-final-matheus-cavini-lamp01","26","3.327100039","false","on","2621","manual","true","2026-09-26T18:21:41Z"
"psi5120-final-matheus-cavini-lamp01","27","192.4572906","false","on","2703","manual","false","2026-09-26T18:21:44Z"
"psi5120-final-matheus-cavini-lamp01","28","192.1143036","false","on","2587","manual","false","2026-09-26T18:21:47Z"
"psi5120-final-matheus-cavini-lamp01","29","192.1143036","false","on","2626","manual","false","2026-09-26T18:21:50Z"
"psi5120-final-matheus-cavini-lamp01","30","192.2171936","false","on","2659","manual","false","2026-09-26T18:21:53Z"
"psi5120-final-matheus-cavini-lamp01","31","192.3715515","false","off","2547","manual","false","2026-09-26T18:21:56Z"
"psi5120-final-matheus-cavini-lamp01","32","192.4230042","false","off","2544","manual","false","2026-09-26T18:21:59Z"